日時,質問,回答
2026/5/12 22:48,今日取り組むべき業務効率化のヒントを1つ教えてください,"# 今日すぐ実践できる効率化ヒント

**「朝一で優先順位を3つに絞る」**

以下の観点で、やることを3つに限定してください：

1. **締め切りが近い**
2. **インパクトが大きい**
3. **他人を待たせている**

## なぜ効果的か
- 決定疲れを減らせる
- 重要な仕事に集中できる
- 午前中の貴重な時間を最大活用できる

朝10分でこれを決めるだけで、その日の生産性が大きく変わります。"
2026/5/12 22:48,Pythonで今日練習すべきことを1つ提案してください,"# 今日のPython練習提案：**辞書の操作と処理**

初心者〜中級者向けの実践的な練習題です：

```python
# 練習課題：学生の成績管理システム

students = {
    ""太郎"": {""数学"": 85, ""英語"": 78, ""理科"": 92},
    ""花子"": {""数学"": 90, ""英語"": 88, ""理科"": 85},
    ""次郎"": {""数学"": 72, ""英語"": 95, ""理科"": 80}
}

# 1. 各学生の平均点を計算して表示
# 2. 全体で最も高い得点の科目を見つける
# 3. 数学の成績が80点以上の学生を抽出
# 4. 結果を見やすくフォーマットして出力
```

## 学べるポイント：
- ✅ 辞書の操作（アクセス、ループ）
- ✅ リスト内包表記
- ✅ 組み込み関数（`sum()`, `len()`, `max()`）
- ✅ 文字列フォーマット

**難易度を上げたい場合：**
結果をCSVファイルに書き込む、またはJSONで保存する処理を追加してみてください！

何か質問があればお手伝いします🐍"
